{"periodicna":[{"dan":5,"semestar":"zimski","pocetak":"12:00","kraj":"15:00","naziv":"0-02","predavac":"predavac1"},{"dan":3,"semestar":"ljetni","pocetak":"09:00","kraj":"12:00","naziv":"MA","predavac":"predavac2"},{"dan":1,"semestar":"ljetni","pocetak":"15:00","kraj":"17:00","naziv":"1-05","predavac":"predavac3"},{"dan":4,"semestar":"zimski","pocetak":"13:00","kraj":"14:00","naziv":"0-07","predavac":"predavac4"},{"dan":0,"semestar":"zimski","pocetak":"13:00","kraj":"14:00","naziv":"0-07","predavac":"predavac5"},{"dan":2,"semestar":"ljetni","pocetak":"14:00","kraj":"16:00","naziv":"VA2","predavac":"predavac6"},{"dan":5,"semestar":"zimski","pocetak":"12:00","kraj":"16:00","naziv":"1-09","predavac":"predavac7"},{"dan":2,"semestar":"zimski","pocetak":"13:00","kraj":"16:00","naziv":"VA1","predavac":"predavac8"},{"dan":0,"semestar":"ljetni","pocetak":"11:00","kraj":"12:00","naziv":"0-03","predavac":"predavac9"}],"vanredna":[{"datum":"18.06.2019","pocetak":"12:00","kraj":"15:00","naziv":"0-02","predavac":"predavac10"},{"datum":"05.12.2019","pocetak":"17:00","kraj":"19:00","naziv":"EE2","predavac":"predavac11"},{"datum":"12.12.2019","pocetak":"17:00","kraj":"19:00","naziv":"EE2","predavac":"predavac12"},{"datum":"08.04.2019","pocetak":"11:00","kraj":"13:00","naziv":"1-07","predavac":"predavac13"},{"datum":"22.02.2019","pocetak":"10:00","kraj":"12:00","naziv":"EE1","predavac":"predavac14"}]}