{"periodicna":[{"dan":0,"semestar":"zimski","pocetak":"12:00","kraj":"13:30","naziv":"VA2","predavac":"Irfan Prazina"},{"dan":1,"semestar":"zimski","pocetak":"12:00","kraj":"15:00","naziv":"MA","predavac":"Razija Turčinhodžić"},{"dan":3,"semestar":"zimski","pocetak":"09:00","kraj":"12:00","naziv":"0-01","predavac":"Vensada Okanović"},{"dan":2,"semestar":"ljetni","pocetak":"12:00","kraj":"13:30","naziv":"1-09","predavac":"Nadja Kovačević"},{"dan":4,"semestar":"ljetni","pocetak":"12:00","kraj":"13:30","naziv":"VA1","predavac":"Željko Jurić"},{"dan":0,"semestar":"zimski","pocetak":"11:00","kraj":"12:00","naziv":"VA2","predavac":"Irfan Prazina"},{"dan":1,"semestar":"zimski","pocetak":"14:00","kraj":"15:30","naziv":"1-03","predavac":"Irfan Prazina"},{"dan":4,"semestar":"zimski","pocetak":"14:00","kraj":"16:30","naziv":"1-03","predavac":"Irfan Prazina"},{"dan":4,"semestar":"zimski","pocetak":"14:00","kraj":"16:30","naziv":"1-05","predavac":"Irfan Prazina"}],"vanredna":[{"datum":"13.12.2019","pocetak":"15:00","kraj":"16:30","naziv":"EE1","predavac":"Faris Kovačević"},{"datum":"20.05.2019","pocetak":"15:00","kraj":"16:30","naziv":"1-01","predavac":"Amira Hodžić"},{"datum":"09.11.2019","pocetak":"15:00","kraj":"16:30","naziv":"EE2","predavac":"Halid Bešlić"},{"datum":"02.07.2019","pocetak":"15:00","kraj":"16:30","naziv":"EE2","predavac":"Hamed Kovačević"},{"datum":"11.12.2019","pocetak":"15:00","kraj":"16:30","naziv":"VA2","predavac":"Irfan Prazina"},{"datum":"10.12.2019","pocetak":"14:30","kraj":"16:30","naziv":"1-04","predavac":"Irfan Prazina"},{"datum":"15.11.2019","pocetak":"15:30","kraj":"17:30","naziv":"1-04","predavac":"Irfan Prazina"}]}