{
  "vanredna": [
    {
      "datum": "04.12.2019",
      "pocetak": "11:00",
      "kraj": "12:00",
      "naziv": "EE1",
      "predavac": "Razija Turcinhodzic"
    },
    {
      "datum": "11.11.2019",
      "pocetak": "11:00",
      "kraj": "12:00",
      "naziv": "EE1",
      "predavac": "Razija Turcinhodzic"
    },
    {
      "datum": "05.12.2019",
      "pocetak": "15:00",
      "kraj": "16:30",
      "naziv": "MA",
      "predavac": "Vensada Okanovic"
    },
    {
      "datum": "21.04.2019",
      "pocetak": "14:00",
      "kraj": "16:00",
      "naziv": "0-09",
      "predavac": "Ivona Ivkovic"
    },
    {
      "datum": "20.11.2019",
      "pocetak": "14:00",
      "kraj": "16:00",
      "naziv": "1-01",
      "predavac": "Anel Tanovic"
    },
    {
      "datum": "05.12.2019",
      "pocetak": "15:00",
      "kraj": "16:30",
      "naziv": "VA2",
      "predavac": "Vensada Okanovic"
    },
    {
      "datum": "04.12.2019.",
      "pocetak": "09:00",
      "kraj": "12:00",
      "naziv": "0-01",
      "predavac": ""
    }
  ],
  "periodicna": [
    {
      "dan": 1,
      "semestar": "zimski",
      "pocetak": "09:00",
      "kraj": "12:00",
      "naziv": "1-02",
      "predavac": "Razija Turcinhodzic"
    },
    {
      "dan": 1,
      "semestar": "zimski",
      "pocetak": "09:00",
      "kraj": "12:00",
      "naziv": "0-06",
      "predavac": "Anel Tanovic"
    },
    {
      "dan": 2,
      "semestar": "zimski",
      "pocetak": "14:00",
      "kraj": "16:00",
      "naziv": "1-01",
      "predavac": "Vensada Okanovic"
    },
    {
      "dan": 3,
      "semestar": "zimski",
      "pocetak": "09:00",
      "kraj": "12:00",
      "naziv": "1-02",
      "predavac": "Selma Rizvic"
    },
    {
      "dan": 4,
      "semestar": "zimski",
      "pocetak": "09:00",
      "kraj": "12:00",
      "naziv": "MA",
      "predavac": "Samir Ribic"
    },
    {
      "dan": 0,
      "semestar": "ljetni",
      "pocetak": "15:00",
      "kraj": "17:00",
      "naziv": "VA1",
      "predavac": "Anel Tanovic"
    },
    {
      "dan": 1,
      "semestar": "ljetni",
      "pocetak": "12:00",
      "kraj": "15:00",
      "naziv": "VA2",
      "predavac": "Razija Turcinhodzic"
    },
    {
      "dan": 1,
      "semestar": "ljetni",
      "pocetak": "15:00",
      "kraj": "17:00",
      "naziv": "0-06",
      "predavac": "Anel Tanovic"
    },
    {
      "dan": 2,
      "semestar": "ljetni",
      "pocetak": "14:00",
      "kraj": "16:00",
      "naziv": "0-01",
      "predavac": "Vensada Okanovic"
    },
    {
      "dan": 3,
      "semestar": "ljetni",
      "pocetak": "09:00",
      "kraj": "12:00",
      "naziv": "1-02",
      "predavac": "Selma Rizvic"
    },
    {
      "dan": 4,
      "semestar": "ljetni",
      "pocetak": "09:00",
      "kraj": "12:00",
      "naziv": "1-07",
      "predavac": "Samir Ribic"
    }
  ]
}