{"periodicna":[{"dan":1,"semestar":"zimski","pocetak":"12:00","kraj":"13:00","naziv":"0-01","predavac":"NH"},{"dan":4,"semestar":"ljetni","pocetak":"12:00","kraj":"13:30","naziv":"VA1","predavac":"NH"},{"dan":6,"semestar":"zimski","pocetak":"11:00","kraj":"23:00","naziv":"0-01","predavac":"Nadzad"}],"vanredna":[{"datum":"21.11.2020","pocetak":"12:00","kraj":"13:30","naziv":"1-01","predavac":"Nadija"},{"datum":"28.12.2019","pocetak":"11:00","kraj":"23:00","naziv":"0-01","predavac":"Nadzad"},{"datum":"23.12.2020","pocetak":"11:00","kraj":"23:00","naziv":"0-01","predavac":"Nadzad"},{"datum":"23.12.2019","pocetak":"11:00","kraj":"23:00","naziv":"0-01","predavac":"Nadzad"}]}